,album,track_number,id,name,uri,acousticness,danceability,energy,instrumentalness,liveness,loudness,speechiness,tempo,valence,popularity
0,Everyday Life,1,7H4NC6MYkcO91vrXwRQ4N1,Sunrise,spotify:track:7H4NC6MYkcO91vrXwRQ4N1,0.939,0.161,0.216,0.54,0.0773,-12.302,0.0389,83.857,0.034,26
1,Everyday Life,2,4nb8OcZG8lpnHi5DmkEnY2,Church,spotify:track:4nb8OcZG8lpnHi5DmkEnY2,0.00865,0.448,0.736,0.145,0.147,-6.98,0.0366,123.956,0.133,27
2,Everyday Life,3,49YD8pGETf5HUKxouVdq3W,Trouble In Town,spotify:track:49YD8pGETf5HUKxouVdq3W,0.426,0.374,0.316,0.651,0.111,-11.456,0.0318,95.104,0.326,25
3,Everyday Life,4,0puPjLkM0yGkHcgJ5Cx0Tu,BrokEn,spotify:track:0puPjLkM0yGkHcgJ5Cx0Tu,0.923,0.55,0.271,0.0,0.147,-11.836,0.0495,130.155,0.521,25
4,Everyday Life,5,6s2hGG9yeBypHY9Gf8poVv,Daddy,spotify:track:6s2hGG9yeBypHY9Gf8poVv,0.931,0.636,0.18,0.801,0.513,-19.54,0.0338,116.945,0.202,26
5,Everyday Life,6,4OcWgqzJPCxfxhUveVHHFj,WOTW / POTP,spotify:track:4OcWgqzJPCxfxhUveVHHFj,0.935,0.692,0.294,0.929,0.116,-15.483,0.248,133.686,0.802,24
6,Everyday Life,7,3O9LthKRLBGvldECecoHYz,Arabesque,spotify:track:3O9LthKRLBGvldECecoHYz,0.000117,0.4,0.835,0.846,0.373,-7.728,0.0549,172.007,0.167,26
7,Everyday Life,8,1z5nCEeGw23FVORtbNYCHG,When I Need A Friend,spotify:track:1z5nCEeGw23FVORtbNYCHG,0.921,0.224,0.28,0.36,0.135,-18.225,0.049,87.871,0.447,24
8,Everyday Life,1,1N07LKSbSEsrECpw1SVkt8,Guns,spotify:track:1N07LKSbSEsrECpw1SVkt8,0.779,0.476,0.562,0.209,0.138,-8.333,0.0326,85.252,0.703,23
9,Everyday Life,2,4cUpJkAYVyJ6OR6f7dYTzb,Orphans,spotify:track:4cUpJkAYVyJ6OR6f7dYTzb,0.0254,0.503,0.808,0.00162,0.557,-5.051,0.045,107.975,0.283,34
10,Everyday Life,3,2xH25Fv8hXL9coCyCJEVX3,Èkó,spotify:track:2xH25Fv8hXL9coCyCJEVX3,0.725,0.341,0.365,0.00194,0.184,-13.871,0.0322,183.004,0.0486,24
11,Everyday Life,4,60cpogZMcBJo6gryiyIzB1,Cry Cry Cry,spotify:track:60cpogZMcBJo6gryiyIzB1,0.891,0.491,0.261,0.273,0.207,-10.464,0.0568,204.518,0.355,26
12,Everyday Life,5,0yLy5ps68NaqSu2gjQgBzf,Old Friends,spotify:track:0yLy5ps68NaqSu2gjQgBzf,0.943,0.477,0.18,0.242,0.138,-17.499,0.0346,134.05,0.236,24
13,Everyday Life,6,2mFIMXz2JCV1v7we5Qbve7,بنی آدم,spotify:track:2mFIMXz2JCV1v7we5Qbve7,0.757,0.393,0.301,0.764,0.161,-20.429,0.0497,140.438,0.0384,24
14,Everyday Life,7,2GXbkOYI1HuSqk95wIcnm8,Champion Of The World,spotify:track:2GXbkOYI1HuSqk95wIcnm8,0.0028,0.503,0.596,0.0112,0.109,-7.094,0.0263,108.897,0.167,17
15,Everyday Life,8,3pSR6gudZ1UTltAeeZ7UDq,Everyday Life,spotify:track:3pSR6gudZ1UTltAeeZ7UDq,0.771,0.512,0.453,0.0914,0.065,-8.991,0.0291,124.05,0.236,28
16,Everyday Life,9,4S2lJPZBoyl28MilRBgxgb,Flags,spotify:track:4S2lJPZBoyl28MilRBgxgb,0.00107,0.549,0.796,1.18e-05,0.123,-7.262,0.0376,89.926,0.511,15
17,Everyday Life,1,6Tb7Zfo4PcSiS4TqQ4NnTh,Sunrise,spotify:track:6Tb7Zfo4PcSiS4TqQ4NnTh,0.939,0.161,0.216,0.54,0.0773,-12.302,0.0389,83.857,0.034,63
18,Everyday Life,2,1e8D1BCD2afT56Km7UahpB,Church,spotify:track:1e8D1BCD2afT56Km7UahpB,0.00865,0.448,0.736,0.145,0.147,-6.98,0.0366,123.956,0.133,64
19,Everyday Life,3,45PqOIkZ9PdCjsCJQYzx9G,Trouble In Town,spotify:track:45PqOIkZ9PdCjsCJQYzx9G,0.426,0.374,0.316,0.651,0.111,-11.456,0.0318,95.104,0.326,62
20,Everyday Life,4,1cXXhzPnbrXjNQYbLdUJdy,BrokEn,spotify:track:1cXXhzPnbrXjNQYbLdUJdy,0.923,0.55,0.271,0.0,0.147,-11.836,0.0495,130.155,0.521,61
21,Everyday Life,5,3pcPPhPAiurm2Ior11SHrz,Daddy,spotify:track:3pcPPhPAiurm2Ior11SHrz,0.931,0.636,0.18,0.801,0.513,-19.54,0.0338,116.945,0.202,63
22,Everyday Life,6,7jib2tJjQ82kTIZZATMvAK,WOTW / POTP,spotify:track:7jib2tJjQ82kTIZZATMvAK,0.935,0.692,0.294,0.929,0.116,-15.483,0.248,133.686,0.802,59
23,Everyday Life,7,0ZlVUhjO8c0bOx1D2Btznf,Arabesque,spotify:track:0ZlVUhjO8c0bOx1D2Btznf,0.000117,0.4,0.835,0.846,0.373,-7.728,0.0549,172.007,0.167,63
24,Everyday Life,8,0UvUivL70eDwhTWBd8S38I,When I Need A Friend,spotify:track:0UvUivL70eDwhTWBd8S38I,0.921,0.224,0.28,0.36,0.135,-18.225,0.049,87.871,0.447,60
25,Everyday Life,1,6VzRvCbolqcUswaSPm48rI,Guns,spotify:track:6VzRvCbolqcUswaSPm48rI,0.779,0.476,0.562,0.209,0.138,-8.333,0.0326,85.252,0.703,59
26,Everyday Life,2,03T4ttRCiLXST6MZjeMwmR,Orphans,spotify:track:03T4ttRCiLXST6MZjeMwmR,0.0254,0.503,0.808,0.00162,0.557,-5.051,0.045,107.975,0.283,69
27,Everyday Life,3,2HUtNS9qtfgWbnaagK6AAe,Èkó,spotify:track:2HUtNS9qtfgWbnaagK6AAe,0.725,0.341,0.365,0.00194,0.184,-13.871,0.0322,183.004,0.0486,60
28,Everyday Life,4,4Kwhm5VU4huxmQtBqd1AXo,Cry Cry Cry,spotify:track:4Kwhm5VU4huxmQtBqd1AXo,0.891,0.491,0.261,0.273,0.207,-10.464,0.0568,204.518,0.355,63
29,Everyday Life,5,3E3zYgQul8EaJioNvD2tv9,Old Friends,spotify:track:3E3zYgQul8EaJioNvD2tv9,0.943,0.477,0.18,0.242,0.138,-17.499,0.0346,134.05,0.236,60
30,Everyday Life,6,6DGzLNiawTtntC9NHzeMeY,بنی آدم,spotify:track:6DGzLNiawTtntC9NHzeMeY,0.757,0.393,0.301,0.764,0.161,-20.429,0.0497,140.438,0.0384,59
31,Everyday Life,7,6mf7BNgXs8JipPr2QILnyN,Champion Of The World,spotify:track:6mf7BNgXs8JipPr2QILnyN,0.0028,0.503,0.596,0.0112,0.109,-7.094,0.0263,108.897,0.167,66
32,Everyday Life,8,0h9fnCSnbUgOEgibnQByFv,Everyday Life,spotify:track:0h9fnCSnbUgOEgibnQByFv,0.771,0.512,0.453,0.0914,0.065,-8.991,0.0291,124.05,0.236,67
33,Everyday Life,1,7IPLwgQEPGCv7fqrjQgPH0,Sunrise,spotify:track:7IPLwgQEPGCv7fqrjQgPH0,0.939,0.161,0.216,0.54,0.0773,-12.302,0.0389,83.857,0.034,2
34,Everyday Life,2,3PuUxuYfvHRlLFWgmkgpt2,Church,spotify:track:3PuUxuYfvHRlLFWgmkgpt2,0.00865,0.448,0.736,0.145,0.147,-6.98,0.0366,123.956,0.133,3
35,Everyday Life,3,5kqQ9HZ38KtKQcM73sWtCb,Trouble in Town,spotify:track:5kqQ9HZ38KtKQcM73sWtCb,0.431,0.374,0.309,0.734,0.111,-11.442,0.0312,94.509,0.338,2
36,Everyday Life,4,4RxJd62u52ithoDKnHRTt7,BrokEn,spotify:track:4RxJd62u52ithoDKnHRTt7,0.923,0.55,0.271,0.0,0.147,-11.836,0.0495,130.155,0.521,2
37,Everyday Life,5,2tAkHBYe5zKzROZQtXqTBk,Daddy,spotify:track:2tAkHBYe5zKzROZQtXqTBk,0.931,0.636,0.18,0.801,0.513,-19.54,0.0338,116.945,0.202,3
38,Everyday Life,6,6c1YV0MLqhEB4luL5hePjd,WOTW / POTP,spotify:track:6c1YV0MLqhEB4luL5hePjd,0.935,0.692,0.294,0.929,0.116,-15.483,0.248,133.686,0.802,2
39,Everyday Life,7,0kIB7BlbS5qhCxqGtSFzqL,Arabesque,spotify:track:0kIB7BlbS5qhCxqGtSFzqL,0.000117,0.402,0.837,0.851,0.373,-7.734,0.055,172.023,0.165,2
40,Everyday Life,8,1Au0AfjHschxgbrrE7RiXp,When I Need A Friend,spotify:track:1Au0AfjHschxgbrrE7RiXp,0.921,0.224,0.28,0.36,0.135,-18.225,0.049,87.871,0.447,2
41,Everyday Life,1,6M9qQHqsnVAEm2vmrG0yJE,Guns,spotify:track:6M9qQHqsnVAEm2vmrG0yJE,0.777,0.458,0.561,0.268,0.138,-8.443,0.0327,131.384,0.704,2
42,Everyday Life,2,7k4Kcq9xg95ycO1xBaDnG5,Orphans,spotify:track:7k4Kcq9xg95ycO1xBaDnG5,0.0254,0.503,0.808,0.00162,0.557,-5.051,0.045,107.975,0.283,3
43,Everyday Life,3,3arRw9BEDY6iPXMgDa5rJd,Èkó,spotify:track:3arRw9BEDY6iPXMgDa5rJd,0.725,0.341,0.365,0.00194,0.184,-13.871,0.0322,183.004,0.0486,2
44,Everyday Life,4,64SVLlAArJdyPs9HNnogBq,Cry Cry Cry,spotify:track:64SVLlAArJdyPs9HNnogBq,0.891,0.491,0.261,0.273,0.207,-10.464,0.0568,204.518,0.355,3
45,Everyday Life,5,3iYewuUoFdgvpybxGEttuO,Old Friends,spotify:track:3iYewuUoFdgvpybxGEttuO,0.943,0.477,0.18,0.242,0.138,-17.499,0.0346,134.05,0.236,2
46,Everyday Life,6,6tAo3PZfnVYQXTHhi892oT,بنی آدم,spotify:track:6tAo3PZfnVYQXTHhi892oT,0.757,0.393,0.301,0.764,0.161,-20.429,0.0497,140.438,0.0384,1
47,Everyday Life,7,1eaKTfqVPBhTdYYZQ248K1,Champion Of The World,spotify:track:1eaKTfqVPBhTdYYZQ248K1,0.0028,0.503,0.596,0.0112,0.109,-7.094,0.0263,108.897,0.167,26
48,Everyday Life,8,3noPoL4ljzpWy0S0yTivTW,Everyday Life,spotify:track:3noPoL4ljzpWy0S0yTivTW,0.771,0.512,0.453,0.0914,0.065,-8.991,0.0291,124.05,0.236,3
49,Everyday Life,9,4cj1MthCURAIJjTiXWGhCD,Flags,spotify:track:4cj1MthCURAIJjTiXWGhCD,0.00107,0.549,0.796,1.18e-05,0.123,-7.262,0.0376,89.926,0.511,3
50,Everyday Life,1,2HQAeoYBn8H72Jo6UyKt6G,Sunrise,spotify:track:2HQAeoYBn8H72Jo6UyKt6G,0.939,0.161,0.216,0.54,0.0773,-12.302,0.0389,83.857,0.034,25
51,Everyday Life,2,3eJUFA6IF9YqXstE1hd3GQ,Church,spotify:track:3eJUFA6IF9YqXstE1hd3GQ,0.00865,0.448,0.736,0.145,0.147,-6.98,0.0366,123.956,0.133,27
52,Everyday Life,3,54XS0PDjYnK85mMByQ03we,Trouble in Town,spotify:track:54XS0PDjYnK85mMByQ03we,0.431,0.374,0.309,0.734,0.111,-11.442,0.0312,94.509,0.338,30
53,Everyday Life,4,7tB5i1UdZnzMMIJhdeXlNq,BrokEn,spotify:track:7tB5i1UdZnzMMIJhdeXlNq,0.923,0.55,0.271,0.0,0.147,-11.836,0.0495,130.155,0.521,24
54,Everyday Life,5,7kWsEOUrlBnR2ITKnqNYuo,Daddy,spotify:track:7kWsEOUrlBnR2ITKnqNYuo,0.931,0.636,0.18,0.801,0.513,-19.54,0.0338,116.945,0.202,28
55,Everyday Life,6,0s4HHbfHJuvC25U5BQoY28,WOTW / POTP,spotify:track:0s4HHbfHJuvC25U5BQoY28,0.935,0.692,0.294,0.929,0.116,-15.483,0.248,133.686,0.802,21
56,Everyday Life,7,1yQhKMf4RKZYv9xDtY2HYT,Arabesque,spotify:track:1yQhKMf4RKZYv9xDtY2HYT,0.000117,0.402,0.837,0.851,0.373,-7.734,0.055,172.023,0.165,30
57,Everyday Life,8,34zYBKIXJD7AO3XoygjdOm,When I Need A Friend,spotify:track:34zYBKIXJD7AO3XoygjdOm,0.921,0.224,0.28,0.36,0.135,-18.225,0.049,87.871,0.447,23
58,Everyday Life,1,7c3iZEcAtEnz3Ew7qQhghi,Guns,spotify:track:7c3iZEcAtEnz3Ew7qQhghi,0.777,0.458,0.561,0.268,0.138,-8.443,0.0327,131.384,0.704,26
59,Everyday Life,2,6qQErqahQ4YWT841F7dV56,Orphans,spotify:track:6qQErqahQ4YWT841F7dV56,0.0254,0.503,0.808,0.00162,0.557,-5.051,0.045,107.975,0.283,26
60,Everyday Life,3,41I6D0eHongsAtJrJRaTiU,Èkó,spotify:track:41I6D0eHongsAtJrJRaTiU,0.725,0.341,0.365,0.00194,0.184,-13.871,0.0322,183.004,0.0486,22
61,Everyday Life,4,4a01t5uGbImj3tqdpsXZBF,Cry Cry Cry,spotify:track:4a01t5uGbImj3tqdpsXZBF,0.891,0.491,0.261,0.273,0.207,-10.464,0.0568,204.518,0.355,29
62,Everyday Life,5,71fbBfMQgUovPGfOBRK2HT,Old Friends,spotify:track:71fbBfMQgUovPGfOBRK2HT,0.943,0.477,0.18,0.242,0.138,-17.499,0.0346,134.05,0.236,22
63,Everyday Life,6,7EfEimN9OWxbCKvv2jDEXa,بنی آدم,spotify:track:7EfEimN9OWxbCKvv2jDEXa,0.757,0.393,0.301,0.764,0.161,-20.429,0.0497,140.438,0.0384,22
64,Everyday Life,7,2Ne9aiyDTwyPyONOdUZ3C8,Champion Of The World,spotify:track:2Ne9aiyDTwyPyONOdUZ3C8,0.0028,0.503,0.596,0.0112,0.109,-7.094,0.0263,108.897,0.167,34
65,Everyday Life,8,3l80ChsWwZKAog5KSmcdIG,Everyday Life,spotify:track:3l80ChsWwZKAog5KSmcdIG,0.771,0.512,0.453,0.0914,0.065,-8.991,0.0291,124.05,0.236,27
66,Live in Buenos Aires,1,5H8lr4az4Vo3LloH67yVRt,A Head Full of Dreams - Live in Buenos Aires,spotify:track:5H8lr4az4Vo3LloH67yVRt,0.0132,0.32,0.923,0.00654,0.705,-6.33,0.136,122.756,0.255,51
67,Live in Buenos Aires,2,2s2Ld1Xm7t88gSVvohNbPL,Yellow - Live in Buenos Aires,spotify:track:2s2Ld1Xm7t88gSVvohNbPL,0.000343,0.322,0.873,0.000698,0.362,-5.818,0.0639,91.033,0.144,53
68,Live in Buenos Aires,3,4Q0yfgpERfkp59Pf2tdI4q,Every Teardrop Is a Waterfall - Live in Buenos Aires,spotify:track:4Q0yfgpERfkp59Pf2tdI4q,0.00406,0.397,0.943,0.0,0.981,-5.619,0.0663,118.005,0.325,51
69,Live in Buenos Aires,4,1aZhbOdRqshLS6uPjiO8Y4,The Scientist - Live in Buenos Aires,spotify:track:1aZhbOdRqshLS6uPjiO8Y4,0.105,0.294,0.652,0.00196,0.378,-7.314,0.0336,75.335,0.167,54
70,Live in Buenos Aires,5,2q8WO601qIwLwV4DgXDCiO,God Put a Smile upon Your Face - Live in Buenos Aires,spotify:track:2q8WO601qIwLwV4DgXDCiO,0.000615,0.345,0.967,0.000117,0.89,-4.687,0.0837,137.917,0.366,49
71,Live in Buenos Aires,6,314gi4w3RdZxlocdWw0Khr,Paradise - Live in Buenos Aires,spotify:track:314gi4w3RdZxlocdWw0Khr,0.00193,0.189,0.872,0.0187,0.898,-6.616,0.051,138.661,0.19,52
72,Live in Buenos Aires,7,0oAchaVoTWj6lXTR6f2dSU,Always in My Head - Live in Buenos Aires,spotify:track:0oAchaVoTWj6lXTR6f2dSU,0.00157,0.46,0.771,0.827,0.975,-7.872,0.0314,97.555,0.147,48
73,Live in Buenos Aires,8,6EqxH0njjZuuI3gFZN3Z1o,Magic - Live in Buenos Aires,spotify:track:6EqxH0njjZuuI3gFZN3Z1o,0.0162,0.474,0.836,0.381,0.748,-6.547,0.0618,95.544,0.479,49
74,Live in Buenos Aires,9,4U5Cr41d1K6s48GAndvCdM,Everglow - Live in Buenos Aires,spotify:track:4U5Cr41d1K6s48GAndvCdM,0.711,0.292,0.434,0.000205,0.383,-8.881,0.033,154.04,0.234,50
75,Live in Buenos Aires,10,4cHZ7W5R81upaIGZfqWxbB,Clocks - Live in Buenos Aires,spotify:track:4cHZ7W5R81upaIGZfqWxbB,0.065,0.448,0.907,0.0125,0.391,-5.253,0.0531,130.898,0.23,50
76,Live in Buenos Aires,11,62OqszvOYSuonp6Buj4P74,Midnight - Live in Buenos Aires,spotify:track:62OqszvOYSuonp6Buj4P74,0.0428,0.359,0.768,0.46,0.319,-9.32,0.0431,126.99,0.119,47
77,Live in Buenos Aires,12,3ksF058sVZ21EgQdRLbUyI,Charlie Brown - Live in Buenos Aires,spotify:track:3ksF058sVZ21EgQdRLbUyI,0.00181,0.312,0.87,0.00132,0.345,-6.634,0.0503,138.03,0.28,49
78,Live in Buenos Aires,13,0w6X9iRKrMyDpRRtbu4tE0,Hymn for the Weekend - Live in Buenos Aires,spotify:track:0w6X9iRKrMyDpRRtbu4tE0,0.0399,0.17,0.708,0.00945,0.354,-6.997,0.0417,89.641,0.251,50
79,Live in Buenos Aires,14,7mGJlNOAOmJ5ptkmujg1Gv,Fix You - Live in Buenos Aires,spotify:track:7mGJlNOAOmJ5ptkmujg1Gv,0.00534,0.256,0.625,0.00386,0.179,-7.53,0.0348,140.351,0.201,60
80,Live in Buenos Aires,15,4Y9lVjRD82aJOQ2v13UIoF,Viva La Vida - Live in Buenos Aires,spotify:track:4Y9lVjRD82aJOQ2v13UIoF,0.00537,0.428,0.948,1.29e-06,0.371,-4.655,0.0934,138.015,0.219,61
81,Live in Buenos Aires,16,3ERJLifTcWBFNZRl6QAqEC,Adventure of a Lifetime - Live in Buenos Aires,spotify:track:3ERJLifTcWBFNZRl6QAqEC,0.00297,0.476,0.952,0.013,0.777,-5.472,0.0884,111.98,0.275,50
82,Live in Buenos Aires,17,1aQKPnGNa5vK7aA6lTm4JS,De Música Ligera - Live in Buenos Aires,spotify:track:1aQKPnGNa5vK7aA6lTm4JS,0.00262,0.196,0.937,1.75e-06,0.397,-5.813,0.138,124.401,0.0819,49
83,Live in Buenos Aires,18,5MVyXzR1HARqSkQjhPrNBO,Colour Spectrum - Live in Buenos Aires,spotify:track:5MVyXzR1HARqSkQjhPrNBO,0.763,0.253,0.454,0.892,0.378,-11.742,0.0362,85.508,0.133,44
84,Live in Buenos Aires,19,0o7htzPrB8bP0jnyjiqUdj,In My Place - Live in Buenos Aires,spotify:track:0o7htzPrB8bP0jnyjiqUdj,0.171,0.121,0.699,0.00104,0.965,-6.956,0.043,78.393,0.326,47
85,Live in Buenos Aires,20,1rAZrYT0Ad4F1RiDaxYknE,Amor Argentina - Live in Buenos Aires,spotify:track:1rAZrYT0Ad4F1RiDaxYknE,0.252,0.233,0.675,0.0181,0.854,-8.374,0.0501,134.173,0.317,44
86,Live in Buenos Aires,21,0hreO9tj5yiYftUuVThaea,Something Just like This - Live in Buenos Aires,spotify:track:0hreO9tj5yiYftUuVThaea,0.00072,0.426,0.859,0.000775,0.456,-5.866,0.0448,102.913,0.17,49
87,Live in Buenos Aires,22,1EMFnyhETKfI52uhI4baGY,A Sky Full of Stars - Live in Buenos Aires,spotify:track:1EMFnyhETKfI52uhI4baGY,0.00255,0.415,0.808,0.000606,0.982,-6.596,0.0367,124.893,0.2,49
88,Live in Buenos Aires,23,3glegOEXSkk8HanJe7ZB08,Up&Up - Live in Buenos Aires,spotify:track:3glegOEXSkk8HanJe7ZB08,0.0115,0.108,0.82,2.41e-05,0.659,-5.61,0.075,67.092,0.15,47
89,Live in Buenos Aires,24,6c64ANGY0NfO2YMpbcJUOR,End Credits - Live in Buenos Aires,spotify:track:6c64ANGY0NfO2YMpbcJUOR,0.000119,0.156,0.217,0.929,0.102,-18.429,0.0451,74.901,0.0936,42
90,Love in Tokyo,1,5ASbJVESIKfC2nxNA0UR46,A Head Full of Dreams,spotify:track:5ASbJVESIKfC2nxNA0UR46,0.0948,0.307,0.92,0.00308,0.4,-6.967,0.166,122.836,0.152,11
91,Love in Tokyo,2,1HpGWJKP77s23Xc7zVdjTj,Yellow - Live,spotify:track:1HpGWJKP77s23Xc7zVdjTj,8.92e-05,0.299,0.828,0.00295,0.931,-5.659,0.0461,90.993,0.23,13
92,Love in Tokyo,3,5yH2h98cFLM1B1DJp7uiyv,The Scientist - Live,spotify:track:5yH2h98cFLM1B1DJp7uiyv,0.0479,0.389,0.634,0.0116,0.734,-8.391,0.0339,75.219,0.23,12
93,Love in Tokyo,4,0NoOsbBzgnh9q9lc58dJ4X,Paradise - Live,spotify:track:0NoOsbBzgnh9q9lc58dJ4X,0.00537,0.183,0.883,0.000957,0.756,-6.382,0.0497,138.909,0.107,11
94,Love in Tokyo,5,7LUeeObmtmXOMiAHBN5Qgy,Everglow - Live,spotify:track:7LUeeObmtmXOMiAHBN5Qgy,0.738,0.409,0.376,4.88e-06,0.84,-10.806,0.0325,78.552,0.287,11
95,Love in Tokyo,6,40oSHFkxutC7q6B1VkDeHs,Midnight / Charlie Brown - Live,spotify:track:40oSHFkxutC7q6B1VkDeHs,0.0136,0.181,0.75,0.0268,0.173,-9.07,0.054,134.272,0.0709,10
96,Love in Tokyo,7,68VpbeVBKffSR7LK7zL1Nb,Hymn for the Weekend - Live,spotify:track:68VpbeVBKffSR7LK7zL1Nb,0.00451,0.416,0.769,0.0192,0.91,-6.703,0.0409,90.034,0.413,11
97,Love in Tokyo,8,5US1KwaMM5EkH9RThcX25u,Fix You - Live,spotify:track:5US1KwaMM5EkH9RThcX25u,0.0133,0.261,0.54,0.392,0.461,-9.173,0.0344,140.11,0.0817,12
98,Love in Tokyo,9,3fFH0oyosweyLnFLfUAV5h,Viva La Vida - Live,spotify:track:3fFH0oyosweyLnFLfUAV5h,0.00199,0.451,0.905,0.0411,0.196,-7.154,0.0664,137.953,0.14,15
99,Love in Tokyo,10,21rlsFc8Dv1Vo5EYGkgzT2,Adventure of a Lifetime - Live,spotify:track:21rlsFc8Dv1Vo5EYGkgzT2,0.000602,0.506,0.935,0.000173,0.938,-6.455,0.0627,112.031,0.341,11
100,Love in Tokyo,11,5uGINDoIem5LRsV182tl06,Us Against the World - Live,spotify:track:5uGINDoIem5LRsV182tl06,0.4,0.233,0.52,0.0116,0.955,-9.919,0.0324,111.451,0.0866,9
101,Love in Tokyo,12,3ljoRKFqQM2S2DMebq7ktf,Something Just like That - Live,spotify:track:3ljoRKFqQM2S2DMebq7ktf,0.000804,0.427,0.797,0.00594,0.424,-7.685,0.0442,102.943,0.161,13
102,Love in Tokyo,13,71P3wgiqJ2ZyaohY7UlDUk,A Sky Full of Stars - Live,spotify:track:71P3wgiqJ2ZyaohY7UlDUk,0.0102,0.375,0.747,1.39e-05,0.757,-6.261,0.0378,125.009,0.241,13
103,Love in Tokyo,14,3ilTIS9N6zPF5AykezFX2C,Up&Up - Live,spotify:track:3ilTIS9N6zPF5AykezFX2C,0.00482,0.0973,0.779,0.0115,0.195,-6.74,0.0757,72.528,0.117,11
104,A Head Full of Dreams,1,6f49kbOuQSOsStBpyGvQfA,A Head Full of Dreams,spotify:track:6f49kbOuQSOsStBpyGvQfA,0.002,0.45,0.92,0.0201,0.334,-4.982,0.0733,122.979,0.0773,66
105,A Head Full of Dreams,2,3HWDWyIqWuLsTHECx9DvXF,Birds,spotify:track:3HWDWyIqWuLsTHECx9DvXF,0.000315,0.559,0.841,0.45,0.0816,-5.584,0.0334,105.009,0.15,62
106,A Head Full of Dreams,3,3RiPr603aXAoi4GHyXx0uy,Hymn for the Weekend,spotify:track:3RiPr603aXAoi4GHyXx0uy,0.255,0.49,0.743,7.21e-06,0.3,-5.155,0.0409,89.974,0.363,77
107,A Head Full of Dreams,4,5qfZRNjt2TkHEL12r3sDEU,Everglow,spotify:track:5qfZRNjt2TkHEL12r3sDEU,0.456,0.535,0.445,0.0677,0.112,-9.155,0.0292,146.099,0.136,68
108,A Head Full of Dreams,5,69uxyAqqPIsUyTO8txoP2M,Adventure of a Lifetime,spotify:track:69uxyAqqPIsUyTO8txoP2M,0.00205,0.638,0.924,0.000173,0.149,-3.887,0.0359,111.995,0.529,74
109,A Head Full of Dreams,6,7fJFDK6XjYsXcMKNHESbot,Fun (feat. Tove Lo),spotify:track:7fJFDK6XjYsXcMKNHESbot,0.271,0.484,0.735,7.49e-06,0.0853,-5.125,0.0354,134.028,0.217,60
110,A Head Full of Dreams,7,7IX7VAXujvcZ3e1PG7sGP7,Kaleidoscope,spotify:track:7IX7VAXujvcZ3e1PG7sGP7,0.964,0.288,0.285,0.898,0.406,-18.192,0.0355,127.122,0.148,53
111,A Head Full of Dreams,8,4giCxIFPZNQIP4bIZM4sqH,Army of One,spotify:track:4giCxIFPZNQIP4bIZM4sqH,0.274,0.387,0.66,5.97e-05,0.0861,-6.491,0.0434,146.04,0.289,57
112,A Head Full of Dreams,9,3wtV2ifnHzirkAElgTGh63,Amazing Day,spotify:track:3wtV2ifnHzirkAElgTGh63,0.0172,0.45,0.638,0.432,0.141,-5.795,0.0273,96.988,0.292,58
113,A Head Full of Dreams,10,3VqiD8Yvk6bKwqS1e64PHB,Colour Spectrum,spotify:track:3VqiD8Yvk6bKwqS1e64PHB,0.852,0.348,0.166,0.915,0.137,-20.349,0.0377,123.576,0.0336,52
114,A Head Full of Dreams,11,31L9yLXSj6LpCFupyMV6CR,Up&Up,spotify:track:31L9yLXSj6LpCFupyMV6CR,0.0485,0.48,0.718,0.000343,0.102,-5.461,0.0603,163.987,0.252,69
115,A Head Full of Dreams Tour Edition,1,32kkgDF3INcwS6qs6ILplZ,A Head Full of Dreams,spotify:track:32kkgDF3INcwS6qs6ILplZ,0.0021,0.449,0.92,0.0167,0.334,-4.982,0.0737,122.984,0.0772,20
116,A Head Full of Dreams Tour Edition,2,3R34ORJaGjmAcQK5sfgmQ0,Birds,spotify:track:3R34ORJaGjmAcQK5sfgmQ0,0.000315,0.559,0.841,0.437,0.0816,-5.584,0.0332,105.009,0.147,18
117,A Head Full of Dreams Tour Edition,3,3Jqgu4nVb0oQTGmObR097r,Hymn for the Weekend,spotify:track:3Jqgu4nVb0oQTGmObR097r,0.211,0.491,0.693,6.92e-06,0.325,-6.487,0.0377,90.027,0.412,23
118,A Head Full of Dreams Tour Edition,4,2eUDgLm67Itf6vEYK1L9wf,Everglow,spotify:track:2eUDgLm67Itf6vEYK1L9wf,0.456,0.534,0.445,0.0684,0.112,-9.155,0.0292,146.107,0.136,21
119,A Head Full of Dreams Tour Edition,5,17ZmrriLHd1RnaFBp6c7UI,Adventure of a Lifetime,spotify:track:17ZmrriLHd1RnaFBp6c7UI,0.00205,0.638,0.924,0.000175,0.149,-3.887,0.036,111.995,0.53,23
120,A Head Full of Dreams Tour Edition,6,0SREKu7J3D8Uw7qyl2OCMb,Fun (feat. Tove Lo),spotify:track:0SREKu7J3D8Uw7qyl2OCMb,0.271,0.485,0.735,7.49e-06,0.0853,-5.125,0.0354,134.021,0.216,18
121,A Head Full of Dreams Tour Edition,7,0KxEJcGUaW7b6GpPNPL7gH,Kaleidoscope,spotify:track:0KxEJcGUaW7b6GpPNPL7gH,0.964,0.288,0.285,0.897,0.406,-18.193,0.0355,127.122,0.148,14
122,A Head Full of Dreams Tour Edition,8,5oVHiXIQxwahhbFOzD5ZUF,Army of One,spotify:track:5oVHiXIQxwahhbFOzD5ZUF,0.275,0.387,0.659,6.44e-05,0.0861,-6.492,0.0434,146.047,0.287,17
123,A Head Full of Dreams Tour Edition,9,6w3eoWrKcR4x41uG3cwGNF,Amazing Day,spotify:track:6w3eoWrKcR4x41uG3cwGNF,0.017,0.451,0.636,0.435,0.141,-5.796,0.0274,97.041,0.289,16
124,A Head Full of Dreams Tour Edition,10,2vlTT7d7yovhBMgcsUrONg,Colour Spectrum,spotify:track:2vlTT7d7yovhBMgcsUrONg,0.854,0.348,0.174,0.933,0.137,-20.349,0.0369,123.58,0.0341,14
125,A Head Full of Dreams Tour Edition,11,2qQG5RmzKvQz8l3JTxSv47,Up&Up,spotify:track:2qQG5RmzKvQz8l3JTxSv47,0.0488,0.477,0.717,0.000333,0.102,-5.459,0.0552,164.012,0.258,20
126,A Head Full of Dreams Tour Edition,12,3RateSD2PJ9fGZzHnRmIAT,Adventure of a Lifetime - Matoma Remix,spotify:track:3RateSD2PJ9fGZzHnRmIAT,0.00381,0.651,0.771,1.71e-05,0.238,-6.541,0.0313,112.015,0.456,18
127,A Head Full of Dreams Tour Edition,13,1OAiWI2oPmglaOiv9fdioU,Hymn for the Weekend - Seeb Remix,spotify:track:1OAiWI2oPmglaOiv9fdioU,0.00868,0.564,0.849,4.68e-06,0.12,-3.516,0.0517,102.027,0.427,33
128,A Head Full of Dreams Tour Edition,14,5QOpPsNwbi3IfUH0TffBpn,Up&Up - Freedo Remix,spotify:track:5QOpPsNwbi3IfUH0TffBpn,0.103,0.806,0.657,0.00283,0.126,-5.947,0.0688,97.986,0.289,16
129,A Head Full of Dreams Tour Edition,15,28EbC4MoqVr1LsIGDAaIjO,"Magic - Live at the Enmore Theatre, Sydney; 2016 Remaster",spotify:track:28EbC4MoqVr1LsIGDAaIjO,0.234,0.557,0.543,0.139,0.715,-8.945,0.044,93.312,0.309,16
130,A Head Full of Dreams Tour Edition,16,1eGZMzDf7gSOSvFkprCYFa,"Clocks - Live at the Enmore Theatre, Sydney",spotify:track:1eGZMzDf7gSOSvFkprCYFa,0.0538,0.493,0.862,0.191,0.668,-4.613,0.0398,130.983,0.232,18
131,A Head Full of Dreams Tour Edition,17,28u0nvCV0qA8VlGA8C4ZAi,"Viva La Vida - Live at the Enmore Theatre, Sydney",spotify:track:28u0nvCV0qA8VlGA8C4ZAi,0.0139,0.443,0.942,3.58e-06,0.886,-4.136,0.0677,137.986,0.327,18
132,A Head Full of Dreams Tour Edition,18,1fRJH6eT6ZsYCCc74YenIv,"Oceans - Live at the Enmore Theatre, Sydney",spotify:track:1fRJH6eT6ZsYCCc74YenIv,0.837,0.384,0.414,0.0209,0.147,-9.223,0.0293,74.978,0.177,13
133,A Head Full of Dreams Tour Edition,19,0mIkdGHjYDvwlWS9BIhhs2,"A Sky Full of Stars - Live at the Enmore Theatre, Sydney",spotify:track:0mIkdGHjYDvwlWS9BIhhs2,0.0603,0.236,0.825,0.000713,0.41,-5.273,0.0578,124.938,0.189,18
134,Ghost Stories Live 2014,1,0zM6Zj4Iao1tJFHWc2PsrL,"Always in My Head - Live at the Royal Albert Hall, London",spotify:track:0zM6Zj4Iao1tJFHWc2PsrL,0.0159,0.476,0.698,0.569,0.994,-8.451,0.0332,97.497,0.157,45
135,Ghost Stories Live 2014,2,3bVwuZb0nYvAMn3roElQnY,"Magic - Live at the Enmore Theatre, Sydney",spotify:track:3bVwuZb0nYvAMn3roElQnY,0.18,0.5,0.502,0.0887,0.729,-11.775,0.0424,93.361,0.362,51
136,Ghost Stories Live 2014,3,29G1awyCr8RHz9EsTwqC6P,"Ink - Live at Le Casino De Paris, Paris",spotify:track:29G1awyCr8RHz9EsTwqC6P,0.00645,0.584,0.735,0.433,0.958,-7.147,0.0395,112.025,0.345,45
137,Ghost Stories Live 2014,4,4KmOOVu1sdBLKJbfEm4p1X,"True Love - Live at the Enmore Theatre, Sydney",spotify:track:4KmOOVu1sdBLKJbfEm4p1X,0.00195,0.463,0.758,0.0332,0.921,-7.939,0.0369,120.03,0.184,43
138,Ghost Stories Live 2014,5,5lsz74yVLAvt3anpHZHCTS,"Midnight - Live at the Royal Albert Hall, London",spotify:track:5lsz74yVLAvt3anpHZHCTS,0.188,0.459,0.574,0.705,0.958,-10.416,0.0334,126.987,0.0874,42
139,Ghost Stories Live 2014,6,79fUOcp3p5YCkBD6ILl6Tz,"Another's Arms - Live at the Beacon Theatre, New York",spotify:track:79fUOcp3p5YCkBD6ILl6Tz,0.00231,0.509,0.722,0.0469,0.981,-8.088,0.0306,80.008,0.497,41
140,Ghost Stories Live 2014,7,2OKnY0cqro0qsOijOondrr,"Oceans - Live at E-Werk, Cologne",spotify:track:2OKnY0cqro0qsOijOondrr,0.875,0.363,0.426,0.177,0.15,-11.428,0.0312,75.201,0.126,41
141,Ghost Stories Live 2014,8,2WXTF0qgKbczC2O8VymeLO,"A Sky Full of Stars - Live at the Royal Albert Hall, London",spotify:track:2WXTF0qgKbczC2O8VymeLO,0.00416,0.467,0.765,5.93e-05,0.708,-7.846,0.0311,125.013,0.186,53
142,Ghost Stories Live 2014,9,1ZAcQoFIdhYdKx8FaR4c3t,"O - Live at Royce Hall, Los Angeles",spotify:track:1ZAcQoFIdhYdKx8FaR4c3t,0.378,0.308,0.364,0.946,0.932,-12.183,0.0306,135.975,0.0688,43
143,Ghost Stories,1,0FMjqbY3aWo1QDbo3GwXib,Always in My Head,spotify:track:0FMjqbY3aWo1QDbo3GwXib,0.0128,0.499,0.502,0.687,0.068,-9.307,0.0254,97.544,0.0397,64
144,Ghost Stories,2,23khhseCLQqVMCIT1WMAns,Magic,spotify:track:23khhseCLQqVMCIT1WMAns,0.0262,0.738,0.483,0.616,0.106,-8.915,0.0403,93.458,0.355,72
145,Ghost Stories,3,6c6W25YoDGjTq3qSPOga5t,Ink,spotify:track:6c6W25YoDGjTq3qSPOga5t,0.0661,0.688,0.706,0.125,0.118,-7.31,0.0324,112.019,0.689,61
146,Ghost Stories,4,0fQuzbQNLcD1ofo7B2NcFI,True Love,spotify:track:0fQuzbQNLcD1ofo7B2NcFI,0.00382,0.482,0.574,0.08,0.123,-7.963,0.028,119.994,0.184,57
147,Ghost Stories,5,4GKk1uNzpxIptBuaY97Dkj,Midnight,spotify:track:4GKk1uNzpxIptBuaY97Dkj,0.615,0.548,0.475,0.808,0.0944,-12.42,0.0355,126.976,0.0349,63
148,Ghost Stories,6,22uzF19LxQW87kOVkR79Fq,Another's Arms,spotify:track:22uzF19LxQW87kOVkR79Fq,0.00715,0.518,0.572,0.256,0.139,-9.037,0.0291,160.005,0.347,56
149,Ghost Stories,7,2u4uhtETtcULnkBfFHSnDX,Oceans,spotify:track:2u4uhtETtcULnkBfFHSnDX,0.919,0.194,0.132,0.182,0.159,-15.783,0.0349,74.848,0.04,54
150,Ghost Stories,8,0FDzzruyVECATHXKHFs9eJ,A Sky Full of Stars,spotify:track:0FDzzruyVECATHXKHFs9eJ,0.00713,0.551,0.636,0.00203,0.217,-7.125,0.0281,124.996,0.153,77
151,Ghost Stories,9,77yuzxCS3csrgTPSW0pvyk,O,spotify:track:77yuzxCS3csrgTPSW0pvyk,0.911,0.23,0.216,0.829,0.0934,-14.727,0.0376,92.022,0.0618,62
152,Mylo Xyloto,1,37yP10klpscyHDmoAOmic9,Mylo Xyloto,spotify:track:37yP10klpscyHDmoAOmic9,0.435,0.151,0.389,0.961,0.228,-12.799,0.0373,100.702,0.226,18
153,Mylo Xyloto,2,58u2qU090CXfPLzuJMTaLP,Hurts Like Heaven,spotify:track:58u2qU090CXfPLzuJMTaLP,0.01,0.419,0.773,0.00418,0.269,-6.187,0.0305,89.954,0.274,20
154,Mylo Xyloto,3,0s0QstFpBjzpiANqoxBkJR,Paradise,spotify:track:0s0QstFpBjzpiANqoxBkJR,0.0522,0.449,0.585,8.49e-05,0.0833,-6.762,0.0268,139.627,0.203,33
155,Mylo Xyloto,4,2UwKDyEyCj4IYvWrRxX7Dk,Charlie Brown,spotify:track:2UwKDyEyCj4IYvWrRxX7Dk,0.0212,0.43,0.738,0.00165,0.33,-7.076,0.0375,137.986,0.0944,24
156,Mylo Xyloto,5,5V3kzEnxId59xhsSHC5XPr,Us Against the World,spotify:track:5V3kzEnxId59xhsSHC5XPr,0.845,0.511,0.304,1.03e-05,0.0741,-11.096,0.0279,112.379,0.195,20
157,Mylo Xyloto,6,3DFFLiHvtubjN2mXcJ2IT9,M.M.I.X.,spotify:track:3DFFLiHvtubjN2mXcJ2IT9,0.939,0.175,0.0613,0.867,0.095,-29.286,0.0521,126.842,0.157,16
158,Mylo Xyloto,7,3hJQM4DBxGJApnnyKsaWKy,Every Teardrop Is a Waterfall,spotify:track:3hJQM4DBxGJApnnyKsaWKy,0.00193,0.425,0.733,0.00922,0.171,-6.883,0.0396,117.985,0.313,24
159,Mylo Xyloto,8,7JrU5XPtmEw667OSnOcX3V,Major Minus,spotify:track:7JrU5XPtmEw667OSnOcX3V,0.000236,0.445,0.67,0.8,0.606,-5.232,0.0326,115.415,0.401,18
160,Mylo Xyloto,9,60uvK8O8CMjAhlvMMfCi3P,U.F.O.,spotify:track:60uvK8O8CMjAhlvMMfCi3P,0.731,0.211,0.395,0.016,0.338,-11.79,0.0366,81.543,0.205,16
161,Mylo Xyloto,10,67Jkx4WJZ0ZbDhld0COOri,Princess of China,spotify:track:67Jkx4WJZ0ZbDhld0COOri,0.00385,0.425,0.69,0.0154,0.287,-6.221,0.0351,84.99,0.233,24
162,Mylo Xyloto,11,74KFocpycEK1A1u5iktfaX,Up in Flames,spotify:track:74KFocpycEK1A1u5iktfaX,0.233,0.638,0.244,0.0318,0.104,-11.051,0.0301,76.007,0.336,18
163,Mylo Xyloto,12,4nNYJmZnMd1q2EOj8rYWGX,A Hopeful Transmission,spotify:track:4nNYJmZnMd1q2EOj8rYWGX,0.103,0.441,0.26,0.878,0.816,-20.424,0.0352,116.949,0.574,15
164,Mylo Xyloto,13,1Bu8G7BaPI1StL8qb8tkSP,Don't Let It Break Your Heart,spotify:track:1Bu8G7BaPI1StL8qb8tkSP,0.000567,0.41,0.752,0.059,0.169,-7.902,0.0464,140.052,0.151,18
165,Mylo Xyloto,14,3DkTax8mKUpYAvYeS7zG6X,Up with the Birds,spotify:track:3DkTax8mKUpYAvYeS7zG6X,0.71,0.295,0.483,0.00463,0.363,-7.876,0.0349,120.092,0.107,16
166,Mylo Xyloto,1,3vCzHYgSjMuGjFMfJSCx4c,Mylo Xyloto,spotify:track:3vCzHYgSjMuGjFMfJSCx4c,0.435,0.151,0.389,0.961,0.228,-12.799,0.0373,100.702,0.226,50
167,Mylo Xyloto,2,6WF4hzdGXvXd1joERSXJjm,Hurts Like Heaven,spotify:track:6WF4hzdGXvXd1joERSXJjm,0.01,0.419,0.773,0.00418,0.269,-6.187,0.0305,89.954,0.274,56
168,Mylo Xyloto,3,6nek1Nin9q48AVZcWs9e9D,Paradise,spotify:track:6nek1Nin9q48AVZcWs9e9D,0.0522,0.449,0.585,8.49e-05,0.0833,-6.762,0.0268,139.627,0.203,80
169,Mylo Xyloto,4,1yqMgZNrevsWMLWfO2PRp5,Charlie Brown,spotify:track:1yqMgZNrevsWMLWfO2PRp5,0.0212,0.43,0.738,0.00165,0.33,-7.076,0.0375,137.986,0.0944,66
170,Mylo Xyloto,5,5zyfzNnBzN7f7PVkJFnW2g,Us Against the World,spotify:track:5zyfzNnBzN7f7PVkJFnW2g,0.845,0.511,0.304,1.03e-05,0.0741,-11.096,0.0279,112.379,0.195,56
171,Mylo Xyloto,6,5Y7ztPw93VbAle55brM0jo,M.M.I.X.,spotify:track:5Y7ztPw93VbAle55brM0jo,0.939,0.175,0.0613,0.867,0.095,-29.286,0.0521,126.842,0.157,47
172,Mylo Xyloto,7,2U8g9wVcUu9wsg6i7sFSv8,Every Teardrop Is a Waterfall,spotify:track:2U8g9wVcUu9wsg6i7sFSv8,0.00193,0.425,0.733,0.00922,0.171,-6.883,0.0396,117.985,0.313,68
173,Mylo Xyloto,8,6maXBs9zUY48m1UNHgTeRC,Major Minus,spotify:track:6maXBs9zUY48m1UNHgTeRC,0.000236,0.445,0.67,0.8,0.606,-5.232,0.0326,115.415,0.401,50
174,Mylo Xyloto,9,6BbIybrP84Tp99DLJg1cq3,U.F.O.,spotify:track:6BbIybrP84Tp99DLJg1cq3,0.731,0.211,0.395,0.016,0.338,-11.79,0.0366,81.543,0.205,49
175,Mylo Xyloto,10,4HXOBjwv2RnLpGG4xWOO6N,Princess of China,spotify:track:4HXOBjwv2RnLpGG4xWOO6N,0.00385,0.425,0.69,0.0154,0.287,-6.221,0.0351,84.99,0.233,66
176,Mylo Xyloto,11,06t6JWrU05BxaKPtct2P2n,Up in Flames,spotify:track:06t6JWrU05BxaKPtct2P2n,0.233,0.638,0.244,0.0318,0.104,-11.051,0.0301,76.007,0.336,51
177,Mylo Xyloto,12,6n1x3DYFDpRau83XsI32NU,A Hopeful Transmission,spotify:track:6n1x3DYFDpRau83XsI32NU,0.103,0.441,0.26,0.878,0.816,-20.424,0.0352,116.949,0.574,46
178,Mylo Xyloto,13,69ho6gqRw1Rjy56tXlvnqk,Don't Let It Break Your Heart,spotify:track:69ho6gqRw1Rjy56tXlvnqk,0.000567,0.41,0.752,0.059,0.169,-7.902,0.0464,140.052,0.151,50
179,Mylo Xyloto,14,5lIFsEWj9IjNEALbHnPosE,Up with the Birds,spotify:track:5lIFsEWj9IjNEALbHnPosE,0.71,0.295,0.483,0.00463,0.363,-7.876,0.0349,120.092,0.107,49
180,Mylo Xyloto,1,40KPlY6AR5Kcs82WyhBuxb,Mylo Xyloto,spotify:track:40KPlY6AR5Kcs82WyhBuxb,0.435,0.151,0.389,0.961,0.228,-12.799,0.0373,100.702,0.226,12
181,Mylo Xyloto,2,62dM9VkkGA3ZOPQgUdB4YD,Hurts Like Heaven,spotify:track:62dM9VkkGA3ZOPQgUdB4YD,0.01,0.419,0.773,0.00418,0.269,-6.187,0.0305,89.954,0.274,17
182,Mylo Xyloto,3,7wBrglFVTNCcW6IhdgBkm1,Paradise,spotify:track:7wBrglFVTNCcW6IhdgBkm1,0.0522,0.449,0.585,8.49e-05,0.0833,-6.762,0.0268,139.627,0.203,38
183,Mylo Xyloto,4,0x5CxIxVZUxwOQbwiVLS6J,Charlie Brown,spotify:track:0x5CxIxVZUxwOQbwiVLS6J,0.0212,0.43,0.738,0.00165,0.33,-7.076,0.0375,137.986,0.0944,29
184,Mylo Xyloto,5,1lxzBK93CioCcSndzuTGyn,Us Against the World,spotify:track:1lxzBK93CioCcSndzuTGyn,0.845,0.511,0.304,1.03e-05,0.0741,-11.096,0.0279,112.379,0.195,16
185,Mylo Xyloto,6,3xGve8q7Kbf7NIsCWac1KH,M.M.I.X.,spotify:track:3xGve8q7Kbf7NIsCWac1KH,0.939,0.175,0.0613,0.867,0.095,-29.286,0.0521,126.842,0.157,10
186,Mylo Xyloto,7,6lpWMtQoGqQyEZuyIwhbkO,Every Teardrop Is a Waterfall,spotify:track:6lpWMtQoGqQyEZuyIwhbkO,0.00193,0.425,0.733,0.00922,0.171,-6.883,0.0396,117.985,0.313,34
187,Mylo Xyloto,8,4M8hFv7sHv6MunxquZSQxV,Major Minus,spotify:track:4M8hFv7sHv6MunxquZSQxV,0.000236,0.445,0.67,0.8,0.606,-5.232,0.0326,115.415,0.401,11
188,Mylo Xyloto,9,7y9dOOkTIQJhii7DOGdA2Z,U.F.O.,spotify:track:7y9dOOkTIQJhii7DOGdA2Z,0.731,0.211,0.395,0.016,0.338,-11.79,0.0366,81.543,0.205,10
189,Mylo Xyloto,10,7xMmjUm5gb3q9g4q2bPfxm,Princess of China,spotify:track:7xMmjUm5gb3q9g4q2bPfxm,0.00385,0.425,0.69,0.0154,0.287,-6.221,0.0351,84.99,0.233,25
190,Mylo Xyloto,11,0ONbOFn8yVNyycjJ9HTZBB,Up in Flames,spotify:track:0ONbOFn8yVNyycjJ9HTZBB,0.233,0.638,0.244,0.0318,0.104,-11.051,0.0301,76.007,0.336,11
191,Mylo Xyloto,12,3Ai6ko6Fd4xoabzLADfXhc,A Hopeful Transmission,spotify:track:3Ai6ko6Fd4xoabzLADfXhc,0.103,0.441,0.26,0.878,0.816,-20.424,0.0352,116.949,0.574,9
192,Mylo Xyloto,13,1GLMK5OpTKnEaAjda3gAH8,Don't Let It Break Your Heart,spotify:track:1GLMK5OpTKnEaAjda3gAH8,0.000567,0.41,0.752,0.059,0.169,-7.902,0.0464,140.052,0.151,12
193,Mylo Xyloto,14,0yPgfcnScT8srXav4sH20d,Up with the Birds,spotify:track:0yPgfcnScT8srXav4sH20d,0.71,0.295,0.483,0.00463,0.363,-7.876,0.0349,120.092,0.107,9
194,Mylo Xyloto,15,1YclPr5rN4OUAcZARA30ya,"Charlie Brown - Live from Glastonbury, 2011",spotify:track:1YclPr5rN4OUAcZARA30ya,0.0121,0.419,0.806,0.0799,0.973,-6.786,0.041,137.983,0.277,7
195,Mylo Xyloto,16,6tphqUaGlu5GSMfrAO7ytk,"Life Is for Living - Live from Glastonbury, 2011",spotify:track:6tphqUaGlu5GSMfrAO7ytk,0.0149,0.227,0.517,0.00588,0.743,-6.97,0.0317,80.103,0.285,6
196,Mylo Xyloto,17,404ZFyL4DIY5lqxAGakJeb,"Every Teardrop Is a Waterfall - Live from Glastonbury, 2011",spotify:track:404ZFyL4DIY5lqxAGakJeb,0.00724,0.311,0.86,0.00604,0.877,-5.609,0.0646,118.072,0.2,7
197,Viva La Vida (Prospekt's March Edition),1,6wmOs2YBp3czOKH9ioM4ht,Life in Technicolor,spotify:track:6wmOs2YBp3czOKH9ioM4ht,0.0102,0.289,0.662,0.944,0.498,-10.482,0.0347,131.053,0.254,34
198,Viva La Vida (Prospekt's March Edition),2,3K2tFDmMXNxuuO7ZlF3aXP,Cemeteries of London,spotify:track:3K2tFDmMXNxuuO7ZlF3aXP,0.0054,0.464,0.805,0.0085,0.1,-7.693,0.0345,109.152,0.272,33
199,Viva La Vida (Prospekt's March Edition),3,64pDOeUGiB0vboqmJx2gGp,Lost!,spotify:track:64pDOeUGiB0vboqmJx2gGp,0.0057,0.359,0.779,0.837,0.379,-7.52,0.0412,86.951,0.582,37
200,Viva La Vida (Prospekt's March Edition),4,3gygK5S34nKrhodwF9BdJC,42,spotify:track:3gygK5S34nKrhodwF9BdJC,0.221,0.294,0.635,0.00281,0.102,-7.202,0.0349,141.388,0.176,32
201,Viva La Vida (Prospekt's March Edition),5,70B6MEskTMdhAkzjFPdMng,Lovers in Japan,spotify:track:70B6MEskTMdhAkzjFPdMng,0.0427,0.202,0.733,0.696,0.243,-7.599,0.0446,118.223,0.0728,35
202,Viva La Vida (Prospekt's March Edition),6,41wWuITiFeIeQdyZ1zTUR2,Yes,spotify:track:41wWuITiFeIeQdyZ1zTUR2,0.00876,0.161,0.808,0.356,0.187,-6.277,0.0538,161.802,0.227,30
203,Viva La Vida (Prospekt's March Edition),7,5S6pYZD8WH3OQapDHTDM9M,Viva La Vida,spotify:track:5S6pYZD8WH3OQapDHTDM9M,0.0941,0.485,0.619,3.31e-06,0.109,-7.115,0.0289,138.017,0.416,56
204,Viva La Vida (Prospekt's March Edition),8,3UAqUwt7AEStMHsJI9Ht9G,Violet Hill,spotify:track:3UAqUwt7AEStMHsJI9Ht9G,0.0603,0.345,0.581,0.00127,0.115,-7.875,0.0369,76.022,0.108,37
205,Viva La Vida (Prospekt's March Edition),9,48g8hRC5mvMAWCQ9HSyGyW,Strawberry Swing,spotify:track:48g8hRC5mvMAWCQ9HSyGyW,0.00722,0.38,0.663,0.791,0.191,-10.476,0.0456,173.139,0.429,35
206,Viva La Vida (Prospekt's March Edition),10,0djibL0KZU7HIQ7Ka1o2mR,Death and All His Friends,spotify:track:0djibL0KZU7HIQ7Ka1o2mR,0.695,0.218,0.295,0.738,0.164,-10.61,0.0312,129.925,0.0804,32
207,Viva La Vida (Prospekt's March Edition),1,3cUjzpF5qD1M3jXx01GrSU,Life in Technicolor ii,spotify:track:3cUjzpF5qD1M3jXx01GrSU,0.00159,0.473,0.91,5.29e-05,0.248,-7.06,0.0391,131.052,0.293,42
208,Viva La Vida (Prospekt's March Edition),2,0iJflXj9uIpY5Ti47DJgSr,Postcards from Far Away,spotify:track:0iJflXj9uIpY5Ti47DJgSr,0.99,0.46,0.164,0.953,0.146,-19.387,0.048,126.704,0.189,32
209,Viva La Vida (Prospekt's March Edition),3,2lZWpb2iIiXHRTzwPzSisM,Glass of Water,spotify:track:2lZWpb2iIiXHRTzwPzSisM,0.000421,0.151,0.694,0.0634,0.334,-8.298,0.032,157.124,0.231,33
210,Viva La Vida (Prospekt's March Edition),4,4UvSPIQQKjvHTcc4VfUx7d,Rainy Day,spotify:track:4UvSPIQQKjvHTcc4VfUx7d,0.0765,0.376,0.677,0.00266,0.126,-6.964,0.0292,137.994,0.653,32
211,Viva La Vida (Prospekt's March Edition),5,6LlfxH6fGh08AsWKhHWkPF,Prospekt's March / Poppyfields,spotify:track:6LlfxH6fGh08AsWKhHWkPF,0.401,0.227,0.279,0.00428,0.193,-11.992,0.0302,154.465,0.0954,34
212,Viva La Vida (Prospekt's March Edition),6,6biBR71t2IseEgi9EBqv3l,Lost+ (with Jay-Z),spotify:track:6biBR71t2IseEgi9EBqv3l,0.00801,0.229,0.805,0.506,0.357,-7.024,0.0589,174.852,0.386,36
213,Viva La Vida (Prospekt's March Edition),7,4rTP5STJ0764hahKw3MPsn,Lovers in Japan - Osaka Sun Mix,spotify:track:4rTP5STJ0764hahKw3MPsn,0.00268,0.401,0.94,0.404,0.298,-6.037,0.0758,111.982,0.321,31
214,Viva La Vida (Prospekt's March Edition),8,7GoXWFbDDsHB6JKf3tAHtN,Now My Feet Won't Touch the Ground,spotify:track:7GoXWFbDDsHB6JKf3tAHtN,0.817,0.511,0.255,0.853,0.0819,-13.797,0.0302,124.09,0.13,32
215,Viva La Vida (Prospekt's March Edition),1,7HD0RkIdJi0RxY6DWRktm3,Life in Technicolor,spotify:track:7HD0RkIdJi0RxY6DWRktm3,0.0102,0.289,0.662,0.944,0.498,-10.482,0.0347,131.053,0.254,43
216,Viva La Vida (Prospekt's March Edition),2,6kgssrFggqcBMtr4187OLK,Cemeteries of London,spotify:track:6kgssrFggqcBMtr4187OLK,0.0054,0.464,0.805,0.0085,0.1,-7.693,0.0345,109.152,0.272,40
217,Viva La Vida (Prospekt's March Edition),3,1qpeSaSifIDeJsGU6GskAz,Lost!,spotify:track:1qpeSaSifIDeJsGU6GskAz,0.00643,0.257,0.803,0.874,0.377,-7.504,0.055,174.108,0.555,44
218,Viva La Vida (Prospekt's March Edition),4,1X2v8JtRJhGQEy1QIhZnl7,42,spotify:track:1X2v8JtRJhGQEy1QIhZnl7,0.221,0.294,0.635,0.00281,0.102,-7.202,0.0349,141.388,0.176,40
219,Viva La Vida (Prospekt's March Edition),5,7d0ouI5QwFd56ax0VnJyZk,Lovers in Japan,spotify:track:7d0ouI5QwFd56ax0VnJyZk,0.0427,0.202,0.733,0.696,0.243,-7.599,0.0446,118.223,0.0728,43
220,Viva La Vida (Prospekt's March Edition),6,6Dj4PkcFdFggMneoibIBC7,Yes,spotify:track:6Dj4PkcFdFggMneoibIBC7,0.00876,0.161,0.808,0.356,0.187,-6.277,0.0538,161.802,0.227,38
221,Viva La Vida (Prospekt's March Edition),7,7fcgisGFCr4mfbfNSztr84,Viva La Vida,spotify:track:7fcgisGFCr4mfbfNSztr84,0.113,0.489,0.615,4.41e-06,0.156,-7.185,0.0286,138.005,0.456,58
222,Viva La Vida (Prospekt's March Edition),8,3LKGi5hi5jPeQLJQSi9N8E,Violet Hill,spotify:track:3LKGi5hi5jPeQLJQSi9N8E,0.0603,0.345,0.581,0.00127,0.115,-7.875,0.0369,76.022,0.108,45
223,Viva La Vida (Prospekt's March Edition),9,0zVYSaFo1b2v8YDmx0QYEh,Strawberry Swing,spotify:track:0zVYSaFo1b2v8YDmx0QYEh,0.00722,0.38,0.663,0.791,0.191,-10.476,0.0456,173.139,0.429,44
224,Viva La Vida (Prospekt's March Edition),10,0jj1vUOIRHKiWrWCQYFdD5,Death and All His Friends,spotify:track:0jj1vUOIRHKiWrWCQYFdD5,0.695,0.218,0.295,0.738,0.164,-10.61,0.0312,129.925,0.0804,40
225,Viva La Vida (Prospekt's March Edition),1,7H7NI75DdeaOW7c70oYtjM,Life in Technicolor ii,spotify:track:7H7NI75DdeaOW7c70oYtjM,0.00159,0.473,0.91,5.29e-05,0.248,-7.06,0.0391,131.052,0.293,51
226,Viva La Vida (Prospekt's March Edition),2,7jAt4ULjZ9PMioduX71M9a,Postcards from Far Away,spotify:track:7jAt4ULjZ9PMioduX71M9a,0.99,0.46,0.164,0.953,0.146,-19.387,0.048,126.704,0.189,41
227,Viva La Vida (Prospekt's March Edition),3,6bRjYP2M9N0vpsBBXFZSH1,Glass of Water,spotify:track:6bRjYP2M9N0vpsBBXFZSH1,0.000421,0.151,0.694,0.0634,0.334,-8.298,0.032,157.124,0.231,41
228,Viva La Vida (Prospekt's March Edition),4,4uU1MxH2J6PInVrCUZUvu5,Rainy Day,spotify:track:4uU1MxH2J6PInVrCUZUvu5,0.0765,0.376,0.677,0.00266,0.126,-6.964,0.0292,137.994,0.653,38
229,Viva La Vida (Prospekt's March Edition),5,258hi2JlI0gkGr3tlF6vPL,Prospekt's March / Poppyfields,spotify:track:258hi2JlI0gkGr3tlF6vPL,0.401,0.227,0.279,0.00428,0.193,-11.992,0.0302,154.465,0.0954,39
230,Viva La Vida (Prospekt's March Edition),6,2FbmJu9obAOMB3PCv2oic7,Lost+ (with Jay-Z),spotify:track:2FbmJu9obAOMB3PCv2oic7,0.00801,0.229,0.805,0.506,0.357,-7.024,0.0589,174.852,0.386,41
231,Viva La Vida (Prospekt's March Edition),7,4o70WSUfc85Y4599B3l1Rv,Lovers in Japan - Osaka Sun Mix,spotify:track:4o70WSUfc85Y4599B3l1Rv,0.00211,0.41,0.943,0.486,0.234,-6.967,0.0674,111.989,0.279,39
232,Viva La Vida (Prospekt's March Edition),8,63tS04CMB2GsJUqX5LGaUQ,Now My Feet Won't Touch the Ground,spotify:track:63tS04CMB2GsJUqX5LGaUQ,0.817,0.511,0.255,0.853,0.0819,-13.797,0.0302,124.09,0.13,40
233,Viva La Vida (Prospekt's March Edition),1,3Uwk9OS6sE5jphtvXbpHQ5,Life in Technicolor,spotify:track:3Uwk9OS6sE5jphtvXbpHQ5,0.0102,0.289,0.662,0.944,0.498,-10.482,0.0347,131.053,0.254,13
234,Viva La Vida (Prospekt's March Edition),2,7HMO6E1R5JcJdbHHdpl2Xo,Cemeteries of London,spotify:track:7HMO6E1R5JcJdbHHdpl2Xo,0.0054,0.464,0.805,0.0085,0.1,-7.693,0.0345,109.152,0.272,12
235,Viva La Vida (Prospekt's March Edition),3,4oak8ZWxbhdO7IvPI2mV6w,Lost!,spotify:track:4oak8ZWxbhdO7IvPI2mV6w,0.0057,0.359,0.779,0.837,0.379,-7.52,0.0412,86.951,0.582,14
236,Viva La Vida (Prospekt's March Edition),4,0l2pZLrUsBUoTXJmgyFZac,42,spotify:track:0l2pZLrUsBUoTXJmgyFZac,0.221,0.294,0.635,0.00281,0.102,-7.202,0.0349,141.388,0.176,13
237,Viva La Vida (Prospekt's March Edition),5,61RrnbTuH7eVElVUNb7tGF,Lovers in Japan,spotify:track:61RrnbTuH7eVElVUNb7tGF,0.0427,0.202,0.733,0.696,0.243,-7.599,0.0446,118.223,0.0728,14
238,Viva La Vida (Prospekt's March Edition),6,3EA4xo2joRMCyxUPceiHc7,Yes,spotify:track:3EA4xo2joRMCyxUPceiHc7,0.00876,0.161,0.808,0.356,0.187,-6.277,0.0538,161.802,0.227,11
239,Viva La Vida (Prospekt's March Edition),7,5b9q8bNcTvL8tJubExIF5P,Viva La Vida,spotify:track:5b9q8bNcTvL8tJubExIF5P,0.0941,0.485,0.619,3.31e-06,0.109,-7.115,0.0289,138.017,0.416,21
240,Viva La Vida (Prospekt's March Edition),8,1nwXuPVEGNgyuEGfY6adye,Violet Hill,spotify:track:1nwXuPVEGNgyuEGfY6adye,0.0603,0.345,0.581,0.00127,0.115,-7.875,0.0369,76.022,0.108,15
241,Viva La Vida (Prospekt's March Edition),9,076CSfDMWIuR8YNmhF7hrl,Strawberry Swing,spotify:track:076CSfDMWIuR8YNmhF7hrl,0.00722,0.38,0.663,0.791,0.191,-10.476,0.0456,173.139,0.429,14
242,Viva La Vida (Prospekt's March Edition),10,1RBFolQ1K11MtRvaBSxKO3,Death and All His Friends,spotify:track:1RBFolQ1K11MtRvaBSxKO3,0.695,0.218,0.295,0.738,0.164,-10.61,0.0312,129.925,0.0804,12
243,Viva La Vida (Prospekt's March Edition),1,3J9wgjMKIiIaWgclPBsviR,Life in Technicolor ii,spotify:track:3J9wgjMKIiIaWgclPBsviR,0.00159,0.473,0.91,5.29e-05,0.248,-7.06,0.0391,131.052,0.293,15
244,Viva La Vida (Prospekt's March Edition),2,41A1n6JHOXCJw1cpcYuSdd,Postcards from Far Away,spotify:track:41A1n6JHOXCJw1cpcYuSdd,0.99,0.46,0.164,0.953,0.146,-19.387,0.048,126.704,0.189,11
245,Viva La Vida (Prospekt's March Edition),3,7p3akKMVvupU00X8Yzs8bD,Glass of Water,spotify:track:7p3akKMVvupU00X8Yzs8bD,0.000421,0.151,0.694,0.0634,0.334,-8.298,0.032,157.124,0.231,11
246,Viva La Vida (Prospekt's March Edition),4,2qww0QRqwaomeP1WphMsbQ,Rainy Day,spotify:track:2qww0QRqwaomeP1WphMsbQ,0.0765,0.376,0.677,0.00266,0.126,-6.964,0.0292,137.994,0.653,10
247,Viva La Vida (Prospekt's March Edition),5,6yNLCB3fZkzWHufmyQVI1F,Prospekt's March / Poppyfields,spotify:track:6yNLCB3fZkzWHufmyQVI1F,0.401,0.227,0.279,0.00428,0.193,-11.992,0.0302,154.465,0.0954,10
248,Viva La Vida (Prospekt's March Edition),6,0VVXyrNseVUjMvpwEZwi0c,Lost+ (with Jay-Z),spotify:track:0VVXyrNseVUjMvpwEZwi0c,0.00801,0.229,0.805,0.506,0.357,-7.024,0.0589,174.852,0.386,10
249,Viva La Vida (Prospekt's March Edition),7,0TcwbnD5YTus51buEXAIZC,Lovers in Japan - Osaka Sun Mix,spotify:track:0TcwbnD5YTus51buEXAIZC,0.00268,0.401,0.94,0.404,0.298,-6.037,0.0758,111.982,0.321,10
250,Viva La Vida (Prospekt's March Edition),8,19qiDRPtAJDGqNmb5uYhd2,Now My Feet Won't Touch the Ground,spotify:track:19qiDRPtAJDGqNmb5uYhd2,0.817,0.511,0.255,0.853,0.0819,-13.797,0.0302,124.09,0.13,10
251,Viva La Vida (Prospekt's March Edition),1,21E3m3rXhgWjQTo32scmfy,Life in Technicolor,spotify:track:21E3m3rXhgWjQTo32scmfy,0.0102,0.289,0.662,0.944,0.498,-10.482,0.0347,131.053,0.254,38
252,Viva La Vida (Prospekt's March Edition),2,6xbbxvsdy2kC16kUDssPLD,Cemeteries of London,spotify:track:6xbbxvsdy2kC16kUDssPLD,0.0054,0.464,0.805,0.0085,0.1,-7.693,0.0345,109.152,0.272,36
253,Viva La Vida (Prospekt's March Edition),3,4YSmynoaeBvITzp3N8iXYU,Lost!,spotify:track:4YSmynoaeBvITzp3N8iXYU,0.0057,0.359,0.779,0.837,0.379,-7.52,0.0412,86.951,0.582,39
254,Viva La Vida (Prospekt's March Edition),4,50CsvQKRsEd9wiYMcdsHeg,42,spotify:track:50CsvQKRsEd9wiYMcdsHeg,0.221,0.294,0.635,0.00281,0.102,-7.202,0.0349,141.388,0.176,35
255,Viva La Vida (Prospekt's March Edition),5,0Hwwbk98kXcwyvtgkdqlMD,Lovers in Japan,spotify:track:0Hwwbk98kXcwyvtgkdqlMD,0.0427,0.202,0.733,0.696,0.243,-7.599,0.0446,118.223,0.0728,38
256,Viva La Vida (Prospekt's March Edition),6,5kidFrzCBTmWlzKssBbaLb,Yes,spotify:track:5kidFrzCBTmWlzKssBbaLb,0.00876,0.161,0.808,0.356,0.187,-6.277,0.0538,161.802,0.227,34
257,Viva La Vida (Prospekt's March Edition),7,3zzwBtusqxBiGRsGpsnN3F,Viva La Vida,spotify:track:3zzwBtusqxBiGRsGpsnN3F,0.0941,0.485,0.619,3.31e-06,0.109,-7.115,0.0289,138.017,0.416,47
258,Viva La Vida (Prospekt's March Edition),8,62UfaFAh45l2jimrgvQRvB,Violet Hill,spotify:track:62UfaFAh45l2jimrgvQRvB,0.0603,0.345,0.581,0.00127,0.115,-7.875,0.0369,76.022,0.108,40
259,Viva La Vida (Prospekt's March Edition),9,4DLHhwZCJptTUCQPk6IAq8,Strawberry Swing,spotify:track:4DLHhwZCJptTUCQPk6IAq8,0.00722,0.38,0.663,0.791,0.191,-10.476,0.0456,173.139,0.429,41
260,Viva La Vida (Prospekt's March Edition),10,6BwzZV2z4CS6n85sqmk0BU,Death and All His Friends,spotify:track:6BwzZV2z4CS6n85sqmk0BU,0.695,0.218,0.295,0.738,0.164,-10.61,0.0312,129.925,0.0804,37
261,Viva La Vida (Prospekt's March Edition),1,0VpFFXnT2kNjqJmTv57aZi,Life in Technicolor ii,spotify:track:0VpFFXnT2kNjqJmTv57aZi,0.00159,0.473,0.91,5.29e-05,0.248,-7.06,0.0391,131.052,0.293,46
262,Viva La Vida (Prospekt's March Edition),2,4sbbpL1WwwGRr6xWk2y0Hk,Postcards from Far Away,spotify:track:4sbbpL1WwwGRr6xWk2y0Hk,0.99,0.46,0.164,0.953,0.146,-19.387,0.048,126.704,0.189,38
263,Viva La Vida (Prospekt's March Edition),3,0Y27miOkWnVymvOIA19BgU,Glass of Water,spotify:track:0Y27miOkWnVymvOIA19BgU,0.000421,0.151,0.694,0.0634,0.334,-8.298,0.032,157.124,0.231,38
264,Viva La Vida (Prospekt's March Edition),4,551YulB9BVtzcCQl0vX6nC,Rainy Day,spotify:track:551YulB9BVtzcCQl0vX6nC,0.0765,0.376,0.677,0.00266,0.126,-6.964,0.0292,137.994,0.653,34
265,Viva La Vida (Prospekt's March Edition),5,4yr1059N96a8msTHVftmFN,Prospekt's March / Poppyfields,spotify:track:4yr1059N96a8msTHVftmFN,0.401,0.227,0.279,0.00428,0.193,-11.992,0.0302,154.465,0.0954,36
266,Viva La Vida (Prospekt's March Edition),6,1y0ZoHeeEd0XTT8X7SnSq3,Lost+ (with Jay-Z),spotify:track:1y0ZoHeeEd0XTT8X7SnSq3,0.00801,0.229,0.805,0.506,0.357,-7.024,0.0589,174.852,0.386,38
267,Viva La Vida (Prospekt's March Edition),7,1wV03IHNBW0ZkT5lBCScXb,Lovers in Japan - Osaka Sun Mix,spotify:track:1wV03IHNBW0ZkT5lBCScXb,0.00268,0.401,0.94,0.404,0.298,-6.037,0.0758,111.982,0.321,36
268,Viva La Vida (Prospekt's March Edition),8,4PA4J8GvCN8RuE39wJ1QT1,Now My Feet Won't Touch the Ground,spotify:track:4PA4J8GvCN8RuE39wJ1QT1,0.817,0.511,0.255,0.853,0.0819,-13.797,0.0302,124.09,0.13,36
269,Viva La Vida (Prospekt's March Edition),1,0krrSlZaRpX7fuTysHRaCw,Life in Technicolor,spotify:track:0krrSlZaRpX7fuTysHRaCw,0.0102,0.289,0.662,0.944,0.498,-10.482,0.0347,131.053,0.254,24
270,Viva La Vida (Prospekt's March Edition),2,21Wwu23O9xSBWWRjLRiDj4,Cemeteries of London,spotify:track:21Wwu23O9xSBWWRjLRiDj4,0.0054,0.464,0.805,0.0085,0.1,-7.693,0.0345,109.152,0.272,21
271,Viva La Vida (Prospekt's March Edition),3,1M9PeoMopTn0ZFJrsHRx42,Lost!,spotify:track:1M9PeoMopTn0ZFJrsHRx42,0.0057,0.359,0.779,0.837,0.379,-7.52,0.0412,86.951,0.582,23
272,Viva La Vida (Prospekt's March Edition),4,2LZRtmvBhHo3JKRIc6Pixa,42,spotify:track:2LZRtmvBhHo3JKRIc6Pixa,0.221,0.294,0.635,0.00281,0.102,-7.202,0.0349,141.388,0.176,20
273,Viva La Vida (Prospekt's March Edition),5,6wqGAJqHiWW6FeJclvCRVL,Lovers in Japan,spotify:track:6wqGAJqHiWW6FeJclvCRVL,0.0427,0.202,0.733,0.696,0.243,-7.599,0.0446,118.223,0.0728,24
274,Viva La Vida (Prospekt's March Edition),6,3sgIvnmQmenB23UR17ztfY,Yes,spotify:track:3sgIvnmQmenB23UR17ztfY,0.00876,0.161,0.808,0.356,0.187,-6.277,0.0538,161.802,0.227,19
275,Viva La Vida (Prospekt's March Edition),7,4ixsIFLZVeMQUoDjZCr7ar,Viva La Vida,spotify:track:4ixsIFLZVeMQUoDjZCr7ar,0.0941,0.485,0.619,3.31e-06,0.109,-7.115,0.0289,138.017,0.416,33
276,Viva La Vida (Prospekt's March Edition),8,4LsCRDOGrb2HzXJyo0gZqW,Violet Hill,spotify:track:4LsCRDOGrb2HzXJyo0gZqW,0.0603,0.345,0.581,0.00127,0.115,-7.875,0.0369,76.022,0.108,26
277,Viva La Vida (Prospekt's March Edition),9,0TqBUdJrB3v4CdNkVX1HQs,Strawberry Swing,spotify:track:0TqBUdJrB3v4CdNkVX1HQs,0.00722,0.38,0.663,0.791,0.191,-10.476,0.0456,173.139,0.429,26
278,Viva La Vida (Prospekt's March Edition),10,07Mutbg6JAknCEgNjiAhu2,Death and All His Friends,spotify:track:07Mutbg6JAknCEgNjiAhu2,0.695,0.218,0.295,0.738,0.164,-10.61,0.0312,129.925,0.0804,23
279,Viva La Vida (Prospekt's March Edition),1,0ki20YfuY8tRxi4LIR69IO,Life in Technicolor ii,spotify:track:0ki20YfuY8tRxi4LIR69IO,0.00159,0.473,0.91,5.29e-05,0.248,-7.06,0.0391,131.052,0.293,33
280,Viva La Vida (Prospekt's March Edition),2,6JRMznXYvNp6JPL5fiRSiP,Postcards from Far Away,spotify:track:6JRMznXYvNp6JPL5fiRSiP,0.99,0.46,0.164,0.953,0.146,-19.387,0.048,126.704,0.189,23
281,Viva La Vida (Prospekt's March Edition),3,7N2oP2Zhfan1VDmnfLb4XN,Glass of Water,spotify:track:7N2oP2Zhfan1VDmnfLb4XN,0.000421,0.151,0.694,0.0634,0.334,-8.298,0.032,157.124,0.231,23
282,Viva La Vida (Prospekt's March Edition),4,3m4fXicsGgwCBVKmUPaTUZ,Rainy Day,spotify:track:3m4fXicsGgwCBVKmUPaTUZ,0.0765,0.376,0.677,0.00266,0.126,-6.964,0.0292,137.994,0.653,20
283,Viva La Vida (Prospekt's March Edition),5,0UiWwDcBQ7Tw7q9qc1Da5S,Prospekt's March / Poppyfields,spotify:track:0UiWwDcBQ7Tw7q9qc1Da5S,0.401,0.227,0.279,0.00428,0.193,-11.992,0.0302,154.465,0.0954,21
284,Viva La Vida (Prospekt's March Edition),6,2BbKMU9liK8sFKIdWK9w1z,Lost+ (with Jay-Z),spotify:track:2BbKMU9liK8sFKIdWK9w1z,0.00801,0.229,0.805,0.506,0.357,-7.024,0.0589,174.852,0.386,24
285,Viva La Vida (Prospekt's March Edition),7,1BPAIfNrEHg6SM4A8wlL83,Lovers in Japan - Osaka Sun Mix,spotify:track:1BPAIfNrEHg6SM4A8wlL83,0.00268,0.401,0.94,0.404,0.298,-6.037,0.0758,111.982,0.321,22
286,Viva La Vida (Prospekt's March Edition),8,6jUqMs7jDzdv7i9sGXEKap,Now My Feet Won't Touch the Ground,spotify:track:6jUqMs7jDzdv7i9sGXEKap,0.817,0.511,0.255,0.853,0.0819,-13.797,0.0302,124.09,0.13,23
287,Viva La Vida or Death and All His Friends,1,7MT5mNCNNCoW6XP265UkdS,Life in Technicolor,spotify:track:7MT5mNCNNCoW6XP265UkdS,0.0102,0.289,0.662,0.944,0.498,-10.482,0.0347,131.053,0.254,37
288,Viva La Vida or Death and All His Friends,2,7vIY0IXV5FDefLv3RZUq7Q,Cemeteries of London,spotify:track:7vIY0IXV5FDefLv3RZUq7Q,0.0054,0.464,0.805,0.0085,0.1,-7.693,0.0345,109.152,0.272,36
289,Viva La Vida or Death and All His Friends,3,1PdWRsAEovbR8JlpjqqRxm,Lost!,spotify:track:1PdWRsAEovbR8JlpjqqRxm,0.0057,0.359,0.779,0.837,0.379,-7.52,0.0412,86.951,0.582,41
290,Viva La Vida or Death and All His Friends,4,3IL3zHHAFzqu9JkGzMVqsE,42,spotify:track:3IL3zHHAFzqu9JkGzMVqsE,0.221,0.294,0.635,0.00281,0.102,-7.202,0.0349,141.388,0.176,36
291,Viva La Vida or Death and All His Friends,5,2GkCxLKP04KfDpUYLTmTNl,Lovers in Japan,spotify:track:2GkCxLKP04KfDpUYLTmTNl,0.0427,0.202,0.733,0.696,0.243,-7.599,0.0446,118.223,0.0728,39
292,Viva La Vida or Death and All His Friends,6,6fw0Ih9M1GQBMi9yqAt1dP,Yes,spotify:track:6fw0Ih9M1GQBMi9yqAt1dP,0.00876,0.161,0.808,0.356,0.187,-6.277,0.0538,161.802,0.227,33
293,Viva La Vida or Death and All His Friends,7,3Fcfwhm8oRrBvBZ8KGhtea,Viva La Vida,spotify:track:3Fcfwhm8oRrBvBZ8KGhtea,0.0941,0.485,0.619,3.31e-06,0.109,-7.115,0.0289,138.017,0.416,68
294,Viva La Vida or Death and All His Friends,8,5147DzKnamWyQdZwsYLHEJ,Violet Hill,spotify:track:5147DzKnamWyQdZwsYLHEJ,0.0603,0.345,0.581,0.00127,0.115,-7.875,0.0369,76.022,0.108,48
295,Viva La Vida or Death and All His Friends,9,4NmcfahJGawtwaMATGgP0L,Strawberry Swing,spotify:track:4NmcfahJGawtwaMATGgP0L,0.00722,0.38,0.663,0.791,0.191,-10.476,0.0456,173.139,0.429,39
296,Viva La Vida or Death and All His Friends,10,36kG5UXshT0PqnZKsgU8c2,Death and All His Friends,spotify:track:36kG5UXshT0PqnZKsgU8c2,0.695,0.218,0.295,0.738,0.164,-10.61,0.0312,129.925,0.0804,36
297,Viva La Vida or Death and All His Friends,1,5thS1ADBNUQxFQSsY06pj5,Life in Technicolor,spotify:track:5thS1ADBNUQxFQSsY06pj5,0.0102,0.289,0.662,0.944,0.498,-10.482,0.0347,131.053,0.254,31
298,Viva La Vida or Death and All His Friends,2,1PCcIJm8I4agHiG84aWaWK,Cemeteries of London,spotify:track:1PCcIJm8I4agHiG84aWaWK,0.0054,0.464,0.805,0.0085,0.1,-7.693,0.0345,109.152,0.272,29
299,Viva La Vida or Death and All His Friends,3,4Ff4tlRfY51a7OoDBmEQ73,Lost!,spotify:track:4Ff4tlRfY51a7OoDBmEQ73,0.0057,0.359,0.779,0.837,0.379,-7.52,0.0412,86.951,0.582,32
300,Viva La Vida or Death and All His Friends,4,5n7x2e25v13KyyRd3iyekR,42,spotify:track:5n7x2e25v13KyyRd3iyekR,0.221,0.294,0.635,0.00281,0.102,-7.202,0.0349,141.388,0.176,28
301,Viva La Vida or Death and All His Friends,5,4cbiW4xxaXCT3OQNQYhGSV,Lovers in Japan,spotify:track:4cbiW4xxaXCT3OQNQYhGSV,0.0427,0.202,0.733,0.696,0.243,-7.599,0.0446,118.223,0.0728,33
302,Viva La Vida or Death and All His Friends,6,4iZpKEjoF6VlXJEEssAZx5,Yes,spotify:track:4iZpKEjoF6VlXJEEssAZx5,0.00876,0.161,0.808,0.356,0.187,-6.277,0.0538,161.802,0.227,27
303,Viva La Vida or Death and All His Friends,7,1SLxVWqXo9zNrrDKRa3m1G,Viva La Vida,spotify:track:1SLxVWqXo9zNrrDKRa3m1G,0.0941,0.485,0.619,3.31e-06,0.109,-7.115,0.0289,138.017,0.416,62
304,Viva La Vida or Death and All His Friends,8,6VEcyQiE2bXGaduwVINWHE,Violet Hill,spotify:track:6VEcyQiE2bXGaduwVINWHE,0.0603,0.345,0.581,0.00127,0.115,-7.875,0.0369,76.022,0.108,41
305,Viva La Vida or Death and All His Friends,9,6DTcCx2sZlx5FbPHDl4kWU,Strawberry Swing,spotify:track:6DTcCx2sZlx5FbPHDl4kWU,0.00722,0.38,0.663,0.791,0.191,-10.476,0.0456,173.139,0.429,35
306,Viva La Vida or Death and All His Friends,10,4Wi4chYe7kJ47SmFI3IKBF,Death and All His Friends,spotify:track:4Wi4chYe7kJ47SmFI3IKBF,0.695,0.218,0.295,0.738,0.164,-10.61,0.0312,129.925,0.0804,31
